{
  "boolean": [
    {
      "op": "move",
      "from": "/dataType",
      "path": "/type"
    }
  ],
  "int": [
    {
      "op": "remove",
      "path": "/dataType"
    },
    {
      "op": "add",
      "path": "/type",
      "value": "integer"
    },
    {
      "op": "add",
      "path": "/format",
      "value": "int32"
    }
  ],
  "long": [
    {
      "op": "remove",
      "path": "/dataType"
    },
    {
      "op": "add",
      "path": "/type",
      "value": "integer"
    },
    {
      "op": "add",
      "path": "/format",
      "value": "int64"
    }
  ],
  "float": [
    {
      "op": "move",
      "from": "/dataType",
      "path": "/format"
    },
    {
      "op": "add",
      "path": "/type",
      "value": "number"
    }
  ],
  "double": [
    {
      "op": "move",
      "from": "/dataType",
      "path": "/format"
    },
    {
      "op": "add",
      "path": "/type",
      "value": "number"
    }
  ],
  "string": [
    {
      "op": "move",
      "from": "/dataType",
      "path": "/type"
    }
  ],
  "byte": [
    {
      "op": "move",
      "from": "/dataType",
      "path": "/format"
    },
    {
      "op": "add",
      "path": "/type",
      "value": "string"
    }
  ],
  "Date": [
    {
      "op": "remove",
      "path": "/dataType"
    },
    {
      "op": "add",
      "path": "/type",
      "value": "string"
    },
    {
      "op": "add",
      "path": "/format",
      "value": "date-time"
    }
  ],
  "List": [
    {
      "op": "remove",
      "path": "/dataType"
    },
    {
      "op": "add",
      "path": "/type",
      "value": "array"
    }
  ],
  "Array": [
    {
      "op": "remove",
      "path": "/dataType"
    },
    {
      "op": "add",
      "path": "/type",
      "value": "array"
    }
  ],
  "Set": [
    {
      "op": "remove",
      "path": "/dataType"
    },
    {
      "op": "add",
      "path": "/type",
      "value": "array"
    },
    {
      "op": "add",
      "path": "/uniqueItems",
      "value": true
    }
  ],
  "File": [
    {
      "op": "move",
      "from": "/dataType",
      "path": "/type"
    }
  ]
}