[
  {
    "op": "add",
    "path": "/required/-",
    "value": "type"
  },
  {
    "op": "add",
    "path": "/properties/type",
    "value": {
      "enum": [
        "number"
      ]
    }
  },
  {
    "op": "add",
    "path": "/properties/format",
    "value": {
      "enum": [
        "float",
        "double"
      ]
    }
  },
  {
    "op": "add",
    "path": "/properties/minimum",
    "value": {
      "type": "string"
    }
  },
  {
    "op": "add",
    "path": "/properties/maximum",
    "value": {
      "type": "string"
    }
  },
  {
    "op": "add",
    "path": "/properties/defaultValue",
    "value": {
      "type": "number"
    }
  }
]