[
  {
    "op": "add",
    "path": "/required/-",
    "value": "type"
  },
  {
    "op": "add",
    "path": "/properties/type",
    "value": {
      "enum": [
        "array"
      ]
    }
  },
  {
    "op": "add",
    "path": "/properties/uniqueItems",
    "value": {
      "type": "boolean"
    }
  },
  {
    "op": "add",
    "path": "/required/-",
    "value": "items"
  },
  {
    "op": "add",
    "path": "/properties/items",
    "value": {
      "type": "object",
      "oneOf": [
        {
          "required": [
            "$ref"
          ],
          "properties": {
            "$ref": {
              "type": "string"
            }
          },
          "additionalProperties": false
        },
        {
          "required": [
            "type"
          ],
          "properties": {
            "type": {
              "enum": [
                "boolean",
                "integer",
                "number",
                "string"
              ]
            },
            "format": {
              "type": "string"
            }
          },
          "additionalPropertie": false,
          "dependencies": {
            "format": {
              "oneOf": [
                {
                  "properties": {
                    "type": {
                      "enum": [
                        "integer"
                      ]
                    },
                    "format": {
                      "enum": [
                        "int32",
                        "int64"
                      ]
                    }
                  }
                },
                {
                  "properties": {
                    "type": {
                      "enum": [
                        "number"
                      ]
                    },
                    "format": {
                      "enum": [
                        "float",
                        "double"
                      ]
                    }
                  }
                },
                {
                  "properties": {
                    "type": {
                      "enum": [
                        "string"
                      ]
                    },
                    "format": {
                      "enum": [
                        "byte",
                        "date",
                        "date-time"
                      ]
                    }
                  }
                }
              ]
            }
          }
        }
      ]
    }
  }
]