[
  {
    "op": "add",
    "path": "/required/-",
    "value": "type"
  },
  {
    "op": "add",
    "path": "/properties/type",
    "value": {
      "enum": [
        "integer"
      ]
    }
  },
  {
    "op": "add",
    "path": "/properties/format",
    "value": {
      "enum": [
        "int32",
        "int64"
      ]
    }
  },
  {
    "op": "add",
    "path": "/properties/minimum",
    "value": {
      "type": "string"
    }
  },
  {
    "op": "add",
    "path": "/properties/maximum",
    "value": {
      "type": "string"
    }
  },
  {
    "op": "add",
    "path": "/properties/defaultValue",
    "value": {
      "type": "integer"
    }
  }
]