{
  "apiVersion": "1.0.0",
  "swaggerVersion": "1.2",
  "basePath": "https://bitdango.com/api",
  "resourcePath": "/exchanges",
  "produces": [
    "application/json"
  ],
  "apis": [
    {
      "path": "/exchanges",
      "operations": [
        {
          "nickname": "exchanges",
          "method": "GET",
          "summary": "Use this to search exchanges.",
          "responseMessages": [
            {
              "code": 200,
              "message": "<b>Success</b> Everything worked as expected."
            },
            {
              "code": 500,
              "message": "<b>Error</b> Generic error message."
            },
            {
              "code": 503,
              "message": "<b>RequestThresholdBreached</b> You may get this error if you are making too many requests in a time period."
            }
          ],
          "parameters": [
            {
              "defaultValue": "1",
              "name": "page",
              "description": "<ul>\r\n</ul>\r\n",
              "required": false,
              "type": "integer",
              "format": null,
              "paramType": "query",
              "minimum": null,
              "maximum": null
            },
            {
              "defaultValue": "10",
              "name": "pageSize",
              "description": "<ul>\r\n</ul>\r\n",
              "required": false,
              "type": "integer",
              "format": null,
              "paramType": "query",
              "minimum": null,
              "maximum": null
            },
            {
              "defaultValue": "False",
              "name": "includeTotalResults",
              "description": "<ul>\r\n</ul>\r\n",
              "required": false,
              "type": "boolean",
              "format": null,
              "paramType": "query",
              "minimum": null,
              "maximum": null
            },
            {
              "defaultValue": null,
              "name": "exchanges",
              "description": "<ul>\r\n<li>Example: <span class=\"code\">coinbase, mtgox</span></li>\r\n</ul>\r\n",
              "required": false,
              "type": "string",
              "format": null,
              "paramType": "query",
              "minimum": null,
              "maximum": null
            },
            {
              "defaultValue": null,
              "name": "countries",
              "description": "<ul>\r\n<li>Example: <span class=\"code\">AU, DE, US</span></li>\r\n</ul>\r\n",
              "required": false,
              "type": "string",
              "format": null,
              "paramType": "query",
              "minimum": null,
              "maximum": null
            },
            {
              "defaultValue": null,
              "name": "facets",
              "description": "<ul><li>Example: countries, depositMethods, withdrawlMethods</li></ul>",
              "required": false,
              "type": "string",
              "format": null,
              "paramType": "query",
              "minimum": null,
              "maximum": null
            },
            {
              "defaultValue": null,
              "name": "expands",
              "description": "<ul><li>Example: <span class=\"code\">limits, credentials, transferPolicies, markets</span></li></ul>",
              "required": false,
              "type": "string",
              "format": null,
              "paramType": "query",
              "minimum": null,
              "maximum": null
            }
          ],
          "notes": "<p>Use this to search exchanges.</p>\r\n<p>Authentication Level = 0 (\r\npublic / no authentication\r\n)</p>\r\n<h4>Facet Codes</h4>\r\n<table class=\"fullwidth\"><thead><tr><th>Code</th><th>Description</th></tr></thead><tbody>\r\n<tr><td class=\"code\">countries</td><td>Include a facet of the countries of exchanges.</td></tr>\r\n<tr><td class=\"code\">depositMethods</td><td>Include a facet of methods for depositing currency into an exchange.</td></tr>\r\n<tr><td class=\"code\">withdrawlMethods</td><td>Include a facet of methods for withdrawing currency from an exchange.</td></tr>\r\n</tbody></table>\r\n<h4>Expand Codes</h4>\r\n<table class=\"fullwidth\"><thead><tr><th>Code</th><th>Description</th></tr></thead><tbody>\r\n<tr><td class=\"code\">limits</td><td>Include the limits enforced by this exchange.</td></tr>\r\n<tr><td class=\"code\">credentials</td><td>Include the credentials required to authenticate with this exchange.</td></tr>\r\n<tr><td class=\"code\">transferPolicies</td><td>Include the transfer policies enforced by this exchange.</td></tr>\r\n<tr><td class=\"code\">markets</td><td>Include the markets listed on this exchange.</td></tr>\r\n</tbody></table>\r\n",
          "type": null
        }
      ]
    },
    {
      "path": "/exchanges",
      "operations": []
    },
    {
      "path": "/exchanges/{exchangeCode}",
      "operations": [
        {
          "nickname": "exchanges",
          "method": "GET",
          "summary": "Use this to get a specific exchange.",
          "responseMessages": [
            {
              "code": 200,
              "message": "<b>Success</b> Everything worked as expected."
            },
            {
              "code": 404,
              "message": "<b>InvalidResource</b> The resource you requested doesn't exist."
            },
            {
              "code": 500,
              "message": "<b>Error</b> Generic error message."
            },
            {
              "code": 503,
              "message": "<b>RequestThresholdBreached</b> You may get this error if you are making too many requests in a time period."
            }
          ],
          "parameters": [
            {
              "defaultValue": null,
              "name": "exchangeCode",
              "description": "<ul>\r\n</ul>\r\n",
              "required": true,
              "type": "string",
              "format": null,
              "paramType": "path",
              "minimum": null,
              "maximum": null
            },
            {
              "defaultValue": null,
              "name": "expands",
              "description": "<ul><li>Example: <span class=\"code\">markets, credentials, transferPolicies, limits</span></li></ul>",
              "required": false,
              "type": "string",
              "format": null,
              "paramType": "query",
              "minimum": null,
              "maximum": null
            }
          ],
          "notes": "<p>Use this to get a specific exchange.</p>\r\n<p>Authentication Level = 0 (\r\npublic / no authentication\r\n)</p>\r\n<h4>Expand Codes</h4>\r\n<table class=\"fullwidth\"><thead><tr><th>Code</th><th>Description</th></tr></thead><tbody>\r\n<tr><td class=\"code\">markets</td><td>Include the markets listed on this exchange.</td></tr>\r\n<tr><td class=\"code\">credentials</td><td>Include the credentials required to authenticate with this exchange.</td></tr>\r\n<tr><td class=\"code\">transferPolicies</td><td>Include the transfer policies enforced by this exchange.</td></tr>\r\n<tr><td class=\"code\">limits</td><td>Include the limits enforced by this exchange.</td></tr>\r\n</tbody></table>\r\n",
          "type": null
        }
      ]
    }
  ],
  "models": []
}